job_driver,date,time,action,booking_ref,vehicle_reg,vehicle_group,location_postcode,customer_name,arrival_time,transport_mode,transport_cost_gbp,transport_time_min,customer_approval_required,notes
D001,2025-12-08,08:30,Collect,#35910140,LN24OKF,V4,WD6 4RN,,00:00,transit,0.40,4,no,
D001,2025-12-08,09:30,Collect,#35836667,RA73UDK,V2A,W13 9DS,,00:00,transit,0.00,0,no,
D001,2025-12-08,15:00,Collect,#35901653,LD23ZUS,V1A,SS16 4TJ,,00:00,transit,0.34,3,no,
D001,2025-12-08,17:30,Collect,#24674678,LB23ESJ,V1A,TBA,,00:00,transit,0.00,0,no,
D002,2025-12-08,08:30,Collect,#35887276,BW23VXP,V4,NW4 2PN,,00:00,transit,1.53,15,no,
D002,2025-12-08,09:00,Deliver,#35927227,BC23KXF,V3,EC1Y 2BQ,,00:00,transit,1.94,19,no,COLL PO12 3UB
D002,2025-12-08,09:00,Deliver,#35887271,MK72FWE,V3,E17 6AL,,00:00,transit,0.00,0,no,at Putney
D002,2025-12-08,08:30,Collect,#35779477,HK23DWU,V2,E11 4EP,,00:00,transit,0.00,0,no,
D002,2025-12-08,13:00,Deliver,,,V2,NW2 2EB,,00:00,transit,1.94,19,no,
D002,2025-12-08,08:30,Collect,#35843822,BJ71CSO,V2,NP7 6LG,,00:00,transit,0.00,0,no,
D002,2025-12-08,12:00,Collect,#35877181,CF21RVL,V2,NP7 6LG,,00:00,transit,0.00,0,no,
D002,2025-12-08,12:00,Collect,#35960046,LN24CWX,V4,IG5 0PU,,00:00,transit,3.08,30,no,
D002,2025-12-08,16:30,Collect,#35873675,OU72VSP,V5,N16 5LG,,00:00,transit,3.08,30,no,
D002,2025-12-08,16:30,Collect,#35877160,BK73HJC,V3,N10 1DU,,00:00,transit,0.00,0,no,
D003,2025-12-08,16:00,Deliver,#35893131,CA24AWJ,V3,B93 9PS,,00:00,transit,8.88,88,no,at Putney
D003,2025-12-08,08:30,Deliver,#35991493,WN21UHB,V5TDC,SA7 0AP,,00:00,transit,34.03,340,no,at Putney
D003,2025-12-08,08:30,Collect,#35740690,MK22EET,V3,B42 1ES,,00:00,transit,34.03,340,no,
D003,2025-12-08,08:30,Collect,#35887288,CK23UXO,V2,B31 5BS,,00:00,transit,0.00,0,no,
D003,2025-12-08,08:30,Collect,#35885441,MD72DZA,V5,CF14 4EJ,,00:00,transit,28.47,284,no,
D003,2025-12-08,08:30,Collect,#35897796,HN73PJY,E.B17,CF32 8TA,,00:00,transit,0.00,0,no,
D003,2025-12-08,08:30,Collect,#35916797,MW73GVG,V4,HR2 6JU,,00:00,transit,14.29,142,no,
D003,2025-12-08,11:45,Collect,#35683080,BJ23KAO,D.B9A,DY2 8UB,,00:00,transit,12.02,120,no,
D003,2025-12-08,17:00,Collect,#35910134,SM73ZRF,V2,B63 2LT - EXT BEFORE,,00:00,transit,3.24,32,no,
D003,2025-12-08,17:30,Collect,#35683043,WU24CYV,V75BT,BN12 6HG,,00:00,transit,0.00,0,no,
D004,2025-12-06,08:30,Collect,#35916771,WU24DLJ,V75BT,TW14 0RX,,00:00,transit,0.00,0,no,
D004,2025-12-08,09:00,Collect,#35937429,SM73ZRL,V2,TW11 8QA,,00:00,transit,0.77,7,no,
D004,2025-12-08,10:00,Collect,#35703901,ML23LGW,V5,TW14 0HS,,00:00,transit,0.00,0,no,
D007,2025-12-06,08:30,Collect,#35811898,BC23KXF,V3,PO12 3UB,,00:00,transit,0.00,0,no,06/12/2025 0820 [ED]: FRONT TYRE IS TOTALLY FLAT - DIAL-A-TYRE GOSPORT GOING OUT ON MONDAY
D007,2025-12-08,09:30,Deliver,,,V2,KT6 7NS,,00:00,transit,1.11,11,no,
D007,2025-12-08,09:00,Deliver,#35995475,BC23OFJ,V3,GU22 7NJ,,00:00,transit,5.09,50,no,FIND A VAN!!
D007,2025-12-08,09:00,Deliver,#35916819,HG21EZB,E.A17>D.B9A,PO3 5JP,,00:00,transit,11.87,118,no,FELTHAM
D007,2025-12-08,08:30,Deliver,#35927198,YS23PUF,V5D,SO51 9BE,,00:00,transit,4.87,48,no,COLL HP18 9UB
D007,2025-12-08,11:30,Collect,#35353654,WN21UGZ,V5TDC,SO18 5HU - EXT BEFORE,,00:00,transit,0.00,0,no,
D007,2025-12-08,13:30,Collect,#35169779,MF74OHL,V4A,SO51 7NR,,00:00,transit,0.00,0,no,
D008,2025-12-08,08:30,Deliver,#35826739,BJ23XKS,D.B9,TN17 4DN,,00:00,transit,6.78,67,no,FELTHAM
D008,2025-12-08,08:30,Collect,#35666759,KU18EEA,VH18B,TN25 4HF,,00:00,transit,0.00,0,no,
D009,2025-11-28,18:00,Collect,#35707611,SL70LDV,C.F4,B92 0AE - EXT BEFORE,,00:00,transit,0.00,0,no,04/12/2025 (mo) 1315 Chasing Collection of the Vehicle
D009,2025-12-08,08:30,Collect,#35793063,CA24FVZ,A.M3,BH23 5LJ,,00:00,transit,14.35,143,no,
D009,2025-12-08,17:00,Deliver,#36001565,,A.M1,BH25 5BT,,00:00,transit,0.00,0,no,MUST BE MANUAL
D009,2025-12-08,08:30,Collect,#35873713,BJ73DGF,V3,PE13 4JW,,00:00,transit,22.40,223,no,
D009,2025-12-08,10:30,Collect,#35807695,BJ23XVF,D.B9A,PE19 8JH,,00:00,transit,0.00,0,no,
D009,2025-12-08,10:30,Collect,#35818685,HN73PKK,E.B17,PE19 8TP,,00:00,transit,0.00,0,no,
D009,2025-12-08,17:30,Collect,#35990443,LD70VBG,C.F4,PE12 9AG,,00:00,transit,0.00,0,no,
D009,2025-12-08,18:00,Collect,#35854119,KV73AOU,C.F4,BS8 1HP - EXT BEFORE,,00:00,transit,22.40,223,no,
D010,2025-12-08,08:30,Collect,#35659101,OU72VPD,V5,SW19 8HQ - EXT BEFORE,,00:00,transit,0.33,3,no,
D010,2025-12-08,10:00,Collect,#35772913,MJ23NTE,V5,SW6 3NN,,00:00,transit,0.00,0,no,
D011,2025-12-08,08:45,Collect,#35897776,CF24LUD,C.F3,CM16 7PS - EXT BEFORE,,00:00,transit,10.78,107,no,
D012,2025-11-28,16:30,Collect,#14951424,CA24AWH,V3,SE15 5TJ,,00:00,transit,0.00,0,no,
D012,2025-12-04,17:30,Collect,#35916813,YS23PVJ,V5D,RM19 1GD,,00:00,transit,6.29,62,no,
D012,2025-12-08,14:00,Deliver,#35752144,ML23LGW,V5,SE10 0EF,,00:00,transit,0.34,3,no,
D012,2025-12-08,08:30,Deliver,#35732685,MK22EEA,V3,ME17 4HW,,00:00,transit,7.58,75,no,FELTHAM
D012,2025-12-08,10:00,Collect,#35329095,BC23OFR,V3,ME18 5HA,,00:00,transit,0.00,0,no,
D012,2025-12-08,15:00,Deliver,#35979693,MJ24NYM,V5D,BR8 8DX,,00:00,transit,4.45,44,no,extended
D012,2025-12-08,08:30,Collect,#35873720,BX25SKJ,E.A17,IG5 0BP,,00:00,transit,4.18,41,no,
D012,2025-12-08,09:00,Collect,#35811886,CK71MYL,V2,IG7 6ET,,00:00,transit,0.00,0,no,
D012,2025-12-08,09:00,Collect,#34909574,CA24AWJ,V3,BR2 8LH,,00:00,transit,4.18,41,no,
D012,2025-12-08,15:00,Collect,#35937452,SM73ZRJ,V2,CT18 7DN,,00:00,transit,15.04,150,no,
D014,2025-12-06,12:00,Collect,#35843832,YS23PUF,V5D,HP18 9UB,,00:00,transit,24.38,243,no,
D014,2025-12-08,17:30,Deliver,#35990436,YP71VGZ,C.F4,GL15 6BB,,00:00,transit,21.71,217,no,MOT due
D014,2025-12-08,08:30,Deliver,#35937464,YS23PLJ,V5D,MK6 1NE,,00:00,transit,7.55,75,no,at Putney
D014,2025-12-08,08:30,Collect,#35689913,RK21YVH,V2A,OX7 5YN,,00:00,transit,9.38,93,no,
D014,2025-12-08,08:30,Collect,#35885410,WR22XKV,D.B9A,TA3 5JW,,00:00,transit,30.32,303,no,
D014,2025-12-08,08:30,Collect,#35874233,BK71HRZ,V2,TA2 6LY,,00:00,transit,0.00,0,no,
D014,2025-12-08,08:30,Collect,#35752138,OU72VPT,V5,CB7 4RE,,00:00,transit,51.71,517,no,
D014,2025-12-08,08:30,Collect,#35897744,CK71MYN,V2,SN16 9QL,,00:00,transit,29.83,298,no,
D014,2025-12-08,08:30,Collect,#35836672,HN72WXE,V5,OX3 9LQ,,00:00,transit,8.42,84,no,
D014,2025-12-08,12:00,Collect,#35877138,CK74EWU,C.F3,OX29 8FX,,00:00,transit,0.00,0,no,
D016,2025-12-08,12:00,Collect,#35451807,YF24ASO,V5D,HA7 1QA - EXT BEFORE,,00:00,transit,1.74,17,no,
D016,2025-12-08,18:00,Collect,#35302137,HK71YTJ,V5D,HA1 4TY,,00:00,transit,0.00,0,no,
D017,2025-12-05,10:00,Collect,#35506851,OU72VPR,V5,UB7 0LQ,,00:00,transit,0.00,0,no,
D017,2025-12-08,08:30,Deliver,#35666720,WU24DLO,V75BT,UB5 5AW,,00:00,transit,1.60,16,no,USE RRV
D017,2025-12-08,08:30,Deliver,#35873727,YP21XGZ,C.F4,RG24 8FW,,00:00,transit,7.03,70,no,at Paice EML on
D019,2025-11-03,12:00,Collect,#35223620,CJ23VZV,V1,SP4 7FG,,00:00,transit,0.00,0,no,"03/11/2025 1523 [JET]: As not collected, van now moved to public rosd outside 17 Kitchenor Road, Amesbury SP4 7AA.. Keys on top of nearside front tyre"
D019,2025-11-28,08:30,Collect,#35612840,BK22YWV,V3,RG20 9XN,,00:00,transit,14.26,142,no,
D019,2025-12-05,08:30,Collect,#35826723,YT68ECD,VH18B,RG40 3LY,,00:00,transit,0.00,0,no,same place as above
D019,2025-12-08,08:30,Deliver,#35885448,CK21YPD,V3,SP4 0ES,,00:00,transit,20.72,207,no,FELTHAM
D019,2025-12-08,08:30,Deliver,#35979670,PO69XHZ,VH44T,RG40 3BU,,00:00,transit,0.00,0,no,SORN Nottingham
D019,2025-12-08,08:30,Collect,#35765767,BW23VVB,V4,RG12 7WZ,,00:00,transit,0.00,0,no,
D019,2025-12-08,17:30,Collect,#35745047,HV23ZXK,E.B17,RG21 5UH,,00:00,transit,0.00,0,no,
